{"cameraMode":{"drawMode":0,"name":"Shaded","section":"Shading Mode"},"sceneLighting":true,"audioPlay":false,"sceneViewState":{"m_AlwaysRefresh":false,"showFog":true,"showSkybox":true,"showFlares":true,"showImageEffects":true,"showParticleSystems":true,"showVisualEffectGraphs":true,"m_FxEnabled":true},"in2DMode":false,"pivot":{"x":569.4328002929688,"y":1593.766845703125,"z":-74.18952178955078},"rotation":{"x":0.025464490056037904,"y":-0.042576998472213748,"z":-0.0010845832293853164,"w":-0.9987815022468567},"size":1033.0216064453125,"orthographic":false}