{"cameraMode":{"drawMode":0,"name":"Shaded","section":"Shading Mode"},"sceneLighting":true,"audioPlay":false,"sceneViewState":{"m_AlwaysRefresh":false,"showFog":true,"showSkybox":true,"showFlares":true,"showImageEffects":true,"showParticleSystems":true,"showVisualEffectGraphs":true,"m_FxEnabled":true},"in2DMode":false,"pivot":{"x":661.8104248046875,"y":1201.2545166015625,"z":-1.3944076299667359},"rotation":{"x":-0.016808059066534044,"y":0.005095823667943478,"z":-0.0000807635224191472,"w":-0.9998617768287659},"size":1292.8486328125,"orthographic":false}