{"cameraMode":{"drawMode":0,"name":"Shaded","section":"Shading Mode"},"sceneLighting":true,"audioPlay":false,"sceneViewState":{"m_AlwaysRefresh":false,"showFog":true,"showSkybox":true,"showFlares":true,"showImageEffects":true,"showParticleSystems":true,"showVisualEffectGraphs":true,"m_FxEnabled":true},"in2DMode":false,"pivot":{"x":0.7115071415901184,"y":3.347372531890869,"z":-10.345455169677735},"rotation":{"x":-0.4215145707130432,"y":-0.026655640453100206,"z":0.012402644380927086,"w":-0.9063621759414673},"size":21.81120491027832,"orthographic":false}